序号,代码,名称,涨跌幅,最新价,涨停价,成交额,流通市值,总市值,换手率,涨速,是否新高,量比,涨停统计,入选理由,所属行业,date
261,003008,开普检测,2.4455313682556152,23.04,24.74,42002894,1793625408.0,2396160000.0,2.359445810317993,0.08688097447156906,是,1.383193016052246,0/0,60日新高,专业服务,2025-08-04
221,300384,三联虹普,3.2778356075286865,19.85,23.06,275469696,4367004267.75,6332294190.400001,6.346551895141602,0.0,是,1.9683997631072998,0/0,60日新高,专业服务,2025-08-04
329,001336,楚环科技,0.9995654225349426,23.24,25.31,26657567,1082592638.3999999,1867880139.9999998,2.4779341220855713,0.04304778575897217,是,0.8653974533081055,0/0,60日新高,专用设备,2025-08-04
285,300412,迦南科技,1.9784172773361206,5.67,6.67,107385537,2652775532.82,2822280148.8,4.112489223480225,0.0,是,1.0917733907699585,0/0,60日新高,专用设备,2025-08-04
367,003036,泰坦股份,-1.5617374181747437,20.17,22.54,159975521,4357563973.31,4357563973.31,3.6502914428710938,0.5985037684440613,是,1.0893094539642334,0/0,60日新高,专用设备,2025-08-04
140,600343,航天动力,5.643627166748047,16.66,17.35,970554336,10632517757.68,10632517824.32,9.34614086151123,0.060060061514377594,是,1.0310484170913696,0/0,60日新高,专用设备,2025-08-04
138,301568,思泰克,5.70696496963501,45.38,51.52,664298288,2162085627.6,4685866192.0,30.502052307128906,0.0,是,2.0264508724212646,0/0,60日新高,专用设备,2025-08-04
164,603280,南方路机,4.576300621032715,60.1,63.22,545412880,1679294186.7,6515240686.7,33.01076126098633,0.3004005551338196,是,0.7648618221282959,11/8,60日新高且近期多次涨停,专用设备,2025-08-04
57,601606,长城军工,10.0,38.83,38.83,3496453824,28121788772.0,28121788772.0,12.680599212646484,0.0,是,0.7803987264633179,3/2,60日新高且近期多次涨停,专用设备,2025-08-04
280,688125,安达智能,2.088772773742676,43.01,50.56,45730537,967613862.16,3523122688.3599997,4.772494792938232,0.0,是,0.9521372318267822,0/0,60日新高,专用设备,2025-08-04
106,603488,展鹏科技,6.984478950500488,9.65,9.92,538354928,2817707746.0,2817707823.2000003,19.5136661529541,-0.20682522654533386,是,3.606501340866089,0/0,60日新高,专用设备,2025-08-04
355,603800,洪田股份,-0.031545739620923996,31.69,34.87,286733072,6591520000.0,6591520000.0,4.326227188110352,-0.0630715861916542,是,0.9003698825836182,0/0,60日新高,专用设备,2025-08-04
212,603159,上海亚虹,3.5125064849853516,19.45,20.67,67671210,2723000000.0,2723000000.0,2.5104143619537354,0.3094378709793091,是,1.1990995407104492,0/0,60日新高,专用设备,2025-08-04
210,688392,骄成超声,3.5328752994537354,84.4,97.82,210127768,5971479012.400001,9767895584.0,3.6204497814178467,0.0,是,0.9082745909690857,0/0,60日新高,专用设备,2025-08-04
208,300499,高澜股份,3.5750250816345215,20.57,23.83,950097168,5582870911.42,6278962879.2,17.175334930419922,0.0,是,1.0113117694854736,0/0,60日新高,专用设备,2025-08-04
283,688328,深科达,1.9854131937026978,25.17,29.62,87625190,2377464945.15,2377464945.15,3.722888946533203,0.0,是,0.774848222732544,0/0,60日新高,专用设备,2025-08-04
184,300099,尤洛卡,4.016620635986328,7.51,8.66,317675824,4366405922.4,5536862012.48,7.374554634094238,0.0,是,1.6897639036178589,0/0,60日新高,专用设备,2025-08-04
73,301338,凯格精机,9.344356536865234,56.87,62.41,708593328,1950641000.0,6050968000.0,36.72026062011719,0.0,是,1.4485266208648682,0/0,60日新高,专用设备,2025-08-04
186,002334,英威腾,3.995157480239868,8.59,9.09,462650784,6191140399.26,6988230671.5199995,7.575202465057373,-0.11627906560897827,是,2.257537841796875,0/0,60日新高,专用设备,2025-08-04
204,002837,英维克,3.60711669921875,42.51,45.13,4507640320,35806926574.77,41178528306.24,12.924986839294434,0.0235294122248888,是,1.7315210103988647,4/2,60日新高且近期多次涨停,专用设备,2025-08-04
79,603283,赛腾股份,8.524676322937012,41.12,41.68,1758359104,11172995761.76,11455654353.92,16.04168128967285,0.1461276262998581,是,2.411238431930542,0/0,60日新高,专用设备,2025-08-04
202,688092,爱科科技,3.6189682483673096,24.91,28.85,43496549,2059824265.8700001,2059824265.8700001,2.1481833457946777,0.0,是,1.4012504816055298,0/0,60日新高,专用设备,2025-08-04
31,688215,瑞晟智能,11.282333374023438,60.66,65.41,196951218,3786595497.54,3786595497.54,5.394470691680908,0.0,是,1.2864028215408325,0/0,60日新高,专用设备,2025-08-04
226,603203,快克智能,3.230653762817383,27.48,29.28,132900460,6846733178.64,6970607522.64,1.9579390287399292,0.0364033505320549,是,1.3286195993423462,0/0,60日新高,专用设备,2025-08-04
320,688329,艾隆科技,1.1904761791229248,21.25,25.2,40190513,1640500000.0,1640500000.0,2.4851255416870117,0.0,是,1.4885667562484741,0/0,60日新高,专用设备,2025-08-04
94,001277,速达股份,7.357723236083984,52.82,54.12,163601022,1003580000.0,4014320000.0,16.95026397705078,-0.11346445232629776,是,1.1178719997406006,0/0,60日新高,专用设备,2025-08-04
239,300400,劲拓股份,2.867570400238037,19.73,23.02,654809072,4734760021.0,4787007034.0,13.916982650756836,0.0,是,2.461064577102661,0/0,60日新高,专用设备,2025-08-04
386,600579,中化装备,-9.181636810302734,9.1,11.02,527012368,4501882466.9,4501882403.2,11.572529792785645,0.22026431560516357,否,1.6650959253311157,5/3,近期多次涨停,专用设备,2025-08-04
233,688531,日联科技,3.0908405780792236,54.7,63.67,293117376,5850921719.8,9057988463.300001,5.121165752410889,0.0,是,1.1456562280654907,0/0,60日新高,专用设备,2025-08-04
175,002184,海得控制,4.263276100158691,13.94,14.71,548260176,3350778765.7599998,4905602649.92,16.44523048400879,0.14367815852165222,是,5.136837005615234,0/0,60日新高,专用设备,2025-08-04
10,300486,东杰智能,19.985876083374023,16.99,16.99,803202256,6734440183.969999,6926045265.759999,12.29880142211914,0.0,是,1.0074334144592285,2/2,60日新高且近期多次涨停,专用设备,2025-08-04
174,688097,博众精工,4.263301372528076,30.57,35.18,208570797,13603917946.05,13654022023.2,1.546213984489441,0.0,是,1.37623929977417,0/0,60日新高,专用设备,2025-08-04
269,603895,天永智能,2.2821576595306396,29.58,31.81,120463110,3197006400.0,3197006400.0,3.8382680416107178,0.10152284801006317,是,0.5654803514480591,0/0,60日新高,专用设备,2025-08-04
165,002728,特一药业,4.53586483001709,9.91,10.43,659903280,3730854525.56,5080479151.52,18.039796829223633,0.0,是,2.003903865814209,0/0,60日新高,中药,2025-08-04
350,600351,亚宝药业,0.12578615546226501,7.96,8.75,829364080,5572000366.16,5572000382.08,14.993179321289062,0.0,是,1.156920313835144,0/0,60日新高,中药,2025-08-04
327,600557,康缘药业,1.067415714263916,17.99,19.58,757061600,10185196919.939999,10185196812.0,7.510703086853027,0.22284123301506042,是,1.0613024234771729,0/0,60日新高,中药,2025-08-04
288,002424,贵州百灵,1.837672233581543,6.65,7.18,1569682240,8067876504.8,9294029360.0,19.51920509338379,0.15060240030288696,是,3.673044443130493,3/2,60日新高且近期多次涨停,中药,2025-08-04
116,300878,维康药业,6.401248931884766,27.26,30.74,512579344,3928819122.34,3946984177.7200003,13.78896713256836,0.0,是,1.761691927909851,2/1,60日新高,中药,2025-08-04
352,000790,华神科技,0.0,4.35,4.79,200381941,2708778120.8999996,2713179216.0,7.452563285827637,0.461893767118454,是,1.1915255784988403,0/0,60日新高,中药,2025-08-04
160,301111,粤万年青,4.6831955909729,19.0,21.78,319275872,3040000000.0,3040000000.0,10.583219528198242,0.0,是,3.0094497203826904,0/0,60日新高,中药,2025-08-04
244,002873,新天药业,2.8428094387054443,12.3,13.16,890349712,2935626498.3,3002476813.8,29.709779739379883,0.4901961088180542,是,4.180567264556885,2/1,60日新高,中药,2025-08-04
119,600329,达仁堂,6.295149803161621,41.2,42.64,664306848,23364081467.2,31727887302.4,2.902285099029541,0.024277737364172935,是,2.0553619861602783,0/0,60日新高,中药,2025-08-04
316,600671,天目药业,1.3020832538604736,15.56,16.9,313274944,1893971493.48,1894879450.6000001,16.493000030517578,0.1287001371383667,是,2.5400922298431396,2/1,60日新高,中药,2025-08-04
100,300534,陇神戎发,7.180850982666016,12.09,13.54,777046608,3651671011.17,3667441146.72,21.414735794067383,0.0,是,2.4903342723846436,0/0,60日新高,中药,2025-08-04
374,600222,太龙药业,-2.346040964126587,6.66,7.5,776605568,3822082644.78,3822082678.08,20.014074325561523,0.0,是,5.444881916046143,2/1,60日新高,中药,2025-08-04
234,002864,盘龙药业,3.0505244731903076,32.43,34.62,456595712,2399319734.82,3446691532.8,18.974609375,0.06170934811234474,是,1.8134046792984009,0/0,60日新高,中药,2025-08-04
229,002287,奇正藏药,3.142115831375122,35.78,38.16,1432020448,19172946714.96,19213321296.32,7.3665080070495605,-1.8919659852981567,是,3.6464412212371826,4/3,60日新高且近期多次涨停,中药,2025-08-04
172,002644,佛慈制药,4.314477443695068,10.88,11.47,580506352,5555948160.0,5555948247.04,10.651936531066895,-0.09182736277580261,否,0.7959253191947937,6/3,近期多次涨停,中药,2025-08-04
359,600976,健民集团,-0.6563525795936584,42.38,46.93,199835307,6496794668.0,6501032668.0,3.0676040649414062,0.04721435159444809,是,1.2135870456695557,0/0,60日新高,中药,2025-08-04
76,688636,智明达,8.96358585357666,38.9,42.84,387816752,6520706054.5,6524178501.9,6.043406009674072,0.0,是,1.4385288953781128,0/0,60日新高,互联网服,2025-08-04
213,688365,光云科技,3.5077950954437256,18.59,21.55,261901725,7916080875.559999,7916080949.92,3.4550936222076416,0.0,是,0.9723221659660339,0/0,60日新高,互联网服,2025-08-04
166,002777,久远银海,4.478371620178223,20.53,21.62,916426000,8304620910.2300005,8380983251.200001,11.265654563903809,0.0,是,3.1587178707122803,0/0,60日新高,互联网服,2025-08-04
170,301382,蜂助手,4.409631729125977,35.99,41.36,871603344,6367090880.22,10288115796.0,13.939902305603027,0.0,是,1.2520520687103271,0/0,60日新高,互联网服,2025-08-04
344,002315,焦点科技,0.5998588800430298,57.02,62.35,659852096,11519928274.32,18088789421.440002,5.812027454376221,0.281392902135849,是,1.0316317081451416,0/0,60日新高,互联网服,2025-08-04
26,688258,卓易信息,12.080238342285156,75.43,80.76,831500192,9137758936.910002,9137758936.910002,9.764404296875,0.0,是,1.4081525802612305,0/0,60日新高,互联网服,2025-08-04
317,688509,正元地信,1.2765957117080688,4.76,5.64,95558145,1831610872.0,3665200000.0,5.246312141418457,0.0,是,1.4755595922470093,0/0,60日新高,互联网服,2025-08-04
127,000409,云鼎科技,5.977382659912109,13.12,13.62,1525354592,5554263374.4,8895235517.439999,27.455707550048828,0.07627765089273453,是,3.2953028678894043,0/0,60日新高,互联网服,2025-08-04
360,002380,科远智慧,-0.7060572504997253,26.72,29.6,376479312,3787610500.7999997,6412576861.28,9.925569534301758,-0.07479431480169296,是,1.0591144561767578,0/0,60日新高,互联网服,2025-08-04
35,300609,汇纳科技,10.89179515838623,46.63,50.46,689715296,5590625185.190001,5600933865.81,12.821928977966309,0.0,是,1.7304261922836304,0/0,60日新高,互联网服,2025-08-04
159,600410,华胜天成,4.832713603973389,11.28,11.84,2206789456,12368460024.24,12368460080.64,18.118696212768555,0.0,是,1.1671066284179688,0/0,60日新高,互联网服,2025-08-04
190,300448,浩云科技,3.880596876144409,6.96,8.04,324486528,3436666357.92,4708558821.12,9.527467727661133,0.0,是,2.980628490447998,0/0,60日新高,互联网服,2025-08-04
275,300170,汉得信息,2.204408884048462,20.4,23.95,3002281920,19669762966.8,20429349561.6,15.487883567810059,0.0,是,1.5065218210220337,0/0,60日新高,互联网服,2025-08-04
137,300687,赛意信息,5.710738658905029,34.06,38.66,1315004848,11208684112.34,13910499640.960001,12.011178970336914,0.0,是,1.7203264236450195,0/0,60日新高,互联网服,2025-08-04
278,688500,慧辰股份,2.140077829360962,78.75,92.52,408402304,5773627912.5,5921740912.5,7.02066707611084,0.0,是,1.1513599157333374,0/0,60日新高,互联网服,2025-08-04
272,688004,博汇科技,2.2448978424072266,25.05,29.4,192066998,2006204400.0,2006204400.0,9.545524597167969,0.0,是,1.1298718452453613,0/0,60日新高,互联网服,2025-08-04
328,300851,交大思诺,1.044204592704773,29.03,34.48,27655036,1563446560.1100001,2523676602.0,1.780852198600769,0.0,是,1.1715314388275146,0/0,60日新高,交运设备,2025-08-04
282,688015,交控科技,2.0137298107147217,22.29,26.22,34758767,4205693739.18,4205693739.18,0.8334358930587769,0.0,是,0.9911295175552368,0/0,60日新高,交运设备,2025-08-04
43,605298,必得科技,10.019646644592285,16.8,16.8,83728017,3102153600.0,3155880000.0,2.753392219543457,0.0,是,1.3999942541122437,1/1,60日新高,交运设备,2025-08-04
78,301303,真兰仪表,8.543689727783203,16.77,18.54,278858352,1703492457.81,6855576000.0,16.508411407470703,0.0,是,2.325021505355835,0/0,60日新高,仪器仪表,2025-08-04
292,603700,宁水集团,1.771336555480957,12.64,13.66,50625493,2549477685.76,2549477685.76,2.0071523189544678,0.15847861766815186,是,1.251301646232605,0/0,60日新高,仪器仪表,2025-08-04
89,688622,禾信仪器,7.693049907684326,111.57,124.32,318488224,7858167413.4,7858167413.4,4.210814476013184,0.0,是,1.497891902923584,0/0,60日新高,仪器仪表,2025-08-04
259,688628,优利德,2.4564409255981445,35.87,42.01,81234753,4005023527.7599998,4008217392.56,2.038165330886841,0.0,是,1.5037940740585327,0/0,60日新高,仪器仪表,2025-08-04
56,002980,华盛昌,10.0,23.87,23.87,263877631,2395964617.2000003,4514799489.2,11.366087913513184,0.0,是,2.2798051834106445,1/1,60日新高,仪器仪表,2025-08-04
200,688112,鼎阳科技,3.662625789642334,40.19,46.52,122569171,6398248763.61,6398248763.61,1.9512076377868652,0.0,是,1.6999887228012085,0/0,60日新高,仪器仪表,2025-08-04
85,300007,汉威科技,8.16609001159668,46.89,52.02,2203478816,13268672007.39,15353924934.24,17.16457748413086,0.0,是,1.6548093557357788,0/0,60日新高,仪器仪表,2025-08-04
14,688115,思林杰,17.361328125,74.9,76.58,195254468,3156248550.0000005,4993583000.0,6.61115837097168,0.0,是,2.7456142902374268,0/0,60日新高,仪器仪表,2025-08-04
107,301528,多浦乐,6.962765216827393,64.06,71.87,114143058,2040308181.3600001,3965314000.0,5.745471000671387,0.0,是,1.6983487606048584,0/0,60日新高,仪器仪表,2025-08-04
266,300112,万讯自控,2.3429179191589355,9.61,11.27,75112704,2283742560.66,2789059251.68,3.3074288368225098,0.0,是,1.4302809238433838,0/0,60日新高,仪器仪表,2025-08-04
370,600481,双良节能,-1.794453501701355,6.02,6.74,1139324128,11280087164.64,11280087212.8,10.049566268920898,0.0,是,1.9461663961410522,2/1,60日新高,光伏设备,2025-08-04
183,688032,禾迈股份,4.040501117706299,107.89,124.44,158492067,13386294770.05,13386294770.05,1.2215577363967896,0.0,是,1.7617847919464111,0/0,60日新高,光伏设备,2025-08-04
177,300724,捷佳伟创,4.245354175567627,69.0,79.43,3952143344,19812386001.0,23992237296.0,20.12599754333496,0.0,是,3.4596097469329834,2/1,60日新高,光伏设备,2025-08-04
287,300940,南极光,1.9057519435882568,29.41,34.63,443392688,4336432533.7300005,6547970980.52,10.369815826416016,0.0,是,1.5434701442718506,0/0,60日新高,光学光电,2025-08-04
330,300909,汇创达,0.982052206993103,29.82,35.44,80328066,3695983420.92,5158054233.78,2.17014479637146,0.0,是,0.7574971318244934,0/0,60日新高,光学光电,2025-08-04
39,600651,飞乐音响,10.071942329406738,6.12,6.12,724232144,15343011451.800001,15343011457.92,4.871063232421875,0.0,否,0.90971839427948,4/2,近期多次涨停,光学光电,2025-08-04
21,688011,新光光电,13.538533210754395,49.06,51.85,418352464,4906000000.0,4906000000.0,9.189516067504883,0.0,是,1.0518187284469604,0/0,60日新高,光学光电,2025-08-04
338,300790,宇瞳光学,0.798319399356842,23.99,28.56,844539008,7126859837.25,8975114234.24,11.813480377197266,0.0,是,1.2148256301879883,0/0,60日新高,光学光电,2025-08-04
201,600167,联美控股,3.6544852256774902,6.24,6.62,144617640,14120124489.12,14120124495.36,1.0319838523864746,0.0,是,3.301292896270752,0/0,60日新高,公用事业,2025-08-04
268,603182,嘉华股份,2.306079626083374,14.64,15.74,32875152,1362671758.0800002,2409012000.0,2.428913116455078,-0.13642564415931702,是,1.262100100517273,0/0,60日新高,农牧饲渔,2025-08-04
364,688156,路德环境,-1.069270133972168,21.28,25.81,92681893,2143197260.96,2143197260.96,4.330376148223877,0.0,是,1.185173749923706,0/0,60日新高,农牧饲渔,2025-08-04
218,601515,东峰集团,3.301886796951294,4.38,4.66,345017472,8210009010.78,8210009006.4,4.288794994354248,0.0,是,1.474875807762146,0/0,60日新高,包装材料,2025-08-04
385,002799,环球印务,-8.464566230773926,9.3,11.18,876796000,2976332940.0,2976372000.0,26.78766632080078,-0.10741138458251953,是,5.117344379425049,3/2,60日新高且近期多次涨停,包装材料,2025-08-04
366,605566,福莱蒽特,-1.3096747398376465,23.36,26.04,201811639,3114822400.0,3114822400.0,6.32513952255249,-0.04278990253806114,是,1.5922436714172363,0/0,60日新高,化学制品,2025-08-04
303,603255,鼎际得,1.5553523302078247,33.3,36.07,65797411,2020485758.3999999,4482568511.099999,3.2891502380371094,0.030039049685001373,是,0.7305768728256226,0/0,60日新高,化学制品,2025-08-04
373,301555,惠柏新材,-1.8529587984085083,32.84,40.15,244620670,1587723690.0000002,3030038428.0000005,15.372502326965332,0.0,是,1.0389193296432495,0/0,60日新高,化学制品,2025-08-04
33,688157,松井股份,11.186165809631348,41.15,44.41,299025520,6437138942.0,6437138942.0,4.817286491394043,0.0,是,1.3034472465515137,0/0,60日新高,化学制品,2025-08-04
264,002986,宇新股份,2.386451244354248,13.3,14.29,458754992,4015817853.6000004,5100552128.0,11.36373233795166,0.37735849618911743,是,1.776617169380188,0/0,60日新高,化学制品,2025-08-04
80,603683,晶华新材,8.49315071105957,23.76,24.09,372991424,6148881026.64,6881719426.56,6.162956714630127,0.08424599468708038,是,2.0254485607147217,0/0,60日新高,化学制品,2025-08-04
114,603367,辰欣药业,6.591586589813232,32.18,33.21,1511341312,14569627871.22,14569627839.039999,10.837563514709473,0.5310840606689453,是,1.185689926147461,6/3,60日新高且近期多次涨停,化学制药,2025-08-04
120,603207,小方制药,6.22932767868042,38.54,39.91,461755584,1541600000.0,6187981128.18,31.09903907775879,0.1299038827419281,是,1.628798246383667,0/0,60日新高,化学制药,2025-08-04
126,300558,贝达药业,5.980318069458008,70.0,79.26,1486928528,29356215350.0,29451368800.0,5.31264591217041,0.0,是,1.6797372102737427,0/0,60日新高,化学制药,2025-08-04
74,002370,亚太药业,9.324323654174805,8.09,8.14,2449045824,6032450317.7,6032450366.24,43.15318298339844,-0.12345679849386215,是,1.239115595817566,6/3,60日新高且近期多次涨停,化学制药,2025-08-04
156,000915,华特达因,4.891788005828857,35.38,37.1,703861536,8285954782.3,8290647939.3,8.439681053161621,0.0,是,2.4699912071228027,0/0,60日新高,化学制药,2025-08-04
65,603811,诚意药业,9.975469589233398,13.45,13.45,564432944,4402243104.0,4402243104.0,12.951958656311035,0.0,是,1.5998176336288452,1/1,60日新高,化学制药,2025-08-04
64,600513,联环药业,9.984151840209961,20.82,20.82,1202708192,5943199541.4,5943199583.04,21.76283073425293,0.0,是,1.0713136196136475,1/1,60日新高,化学制药,2025-08-04
63,601089,福元医药,9.984928131103516,29.19,29.19,884996064,14011200000.0,14011200000.0,6.382592678070068,0.0,是,1.7514883279800415,5/3,60日新高且近期多次涨停,化学制药,2025-08-04
121,300966,共同药业,6.184407711029053,28.33,32.02,634938240,2171918656.7599998,3265865855.2799997,31.59673500061035,0.0,是,1.8694065809249878,0/0,60日新高,化学制药,2025-08-04
215,605507,国邦医药,3.3617019653320312,24.29,25.85,402115632,7328831897.94,13573822912.16,5.548713684082031,-0.3282724618911743,是,1.2464359998703003,0/0,60日新高,化学制药,2025-08-04
277,688670,金迪克,2.155172348022461,16.59,19.49,33035315,2043888000.0,2043888000.0,1.6517499685287476,0.0,是,1.0313522815704346,0/0,60日新高,化学制药,2025-08-04
42,002020,京新药业,10.024301528930664,18.11,18.11,982831920,13111066546.85,15593237652.96,7.759260654449463,0.0,是,1.5644322633743286,1/1,60日新高,化学制药,2025-08-04
372,688189,南新制药,-1.8212862014770508,17.25,21.08,710653392,4733400000.0,4733400000.0,15.639167785644531,0.0,否,1.0672600269317627,4/2,近期多次涨停,化学制药,2025-08-04
246,002940,昂利康,2.828989267349243,64.7,69.21,1448683088,11987322714.9,13051813634.2,12.659430503845215,0.21685254573822021,否,1.2078677415847778,3/2,近期多次涨停,化学制药,2025-08-04
384,600774,汉商集团,-7.945425033569336,11.47,13.71,633878656,3381839242.57,3384021628.0,18.179542541503906,0.08726003766059875,是,1.933693528175354,3/2,60日新高且近期多次涨停,化学制药,2025-08-04
11,300199,翰宇药业,19.980266571044922,24.32,24.32,4686051840,17176805624.32,21480429486.08,29.64741325378418,0.0,是,1.623876690864563,1/1,60日新高,化学制药,2025-08-04
381,000813,德展健康,-6.170212745666504,4.41,5.17,1363961408,9246713981.4,9248235413.76,14.42037296295166,0.0,否,1.5123968124389648,4/2,近期多次涨停,化学制药,2025-08-04
13,300436,广生堂,18.18181800842285,120.9,122.76,2072922080,16529426117.1,19255380300.0,13.857396125793457,0.0,是,0.9619454741477966,0/0,60日新高,化学制药,2025-08-04
357,003017,大洋生物,-0.15110304951667786,33.04,36.4,519542912,2289275123.52,2775360000.0,21.78468132019043,0.0,是,1.3510875701904297,0/0,60日新高,化学原料,2025-08-04
284,603276,恒兴新材,1.983002781867981,18.0,19.42,138991149,1397690946.0,3737690946.0,10.05291748046875,0.0,是,1.756784439086914,0/0,60日新高,化学原料,2025-08-04
309,688217,睿昂基因,1.4502307176589966,30.78,36.41,77764663,1719244478.88,1719244478.88,4.630173683166504,0.0,是,1.5485987663269043,0/0,60日新高,医疗器械,2025-08-04
124,688161,威高骨科,6.083136081695557,31.39,35.51,198801859,12556000000.0,12556000000.0,1.6263622045516968,0.0,是,1.4715254306793213,0/0,60日新高,医疗器械,2025-08-04
324,603387,基蛋生物,1.1415525674819946,8.86,9.64,80786272,4493380160.62,4493380187.2,1.817456603050232,0.0,是,1.1754013299942017,0/0,60日新高,医疗器械,2025-08-04
173,688075,安旭生物,4.278846263885498,43.38,49.92,73548515,5512852080.900001,5512852080.900001,1.3617050647735596,0.0,是,1.7725812196731567,0/0,60日新高,医疗器械,2025-08-04
308,300439,美康生物,1.4567266702651978,11.84,14.0,107221502,3466243483.84,4550334781.44,3.1496081352233887,0.0,是,1.0966501235961914,0/0,60日新高,医疗器械,2025-08-04
205,688067,爱威科技,3.5996835231781006,26.19,30.34,50955263,1780920000.0,1780920000.0,2.9493823051452637,0.0,是,1.1051836013793945,0/0,60日新高,医疗器械,2025-08-04
331,002950,奥美医疗,0.9615384936332703,9.45,10.3,61673652,4271354725.0499997,5984358105.599999,1.4543849229812622,0.0,是,1.2165263891220093,0/0,60日新高,医疗器械,2025-08-04
2,300289,利德曼,20.0,10.14,10.14,1588173376,5507606778.18,5516276488.320001,32.30987548828125,0.0,是,7.171243190765381,3/3,60日新高且近期多次涨停,医疗器械,2025-08-04
241,300406,九强生物,2.8513238430023193,15.15,17.68,212892413,6429909293.25,8882575653.6,3.3521838188171387,0.0,是,2.1114039421081543,0/0,60日新高,医疗器械,2025-08-04
230,688068,热景生物,3.0993072986602783,223.21,259.8,619887392,20693339287.4,20693339287.4,3.0610721111297607,0.0,是,0.9806262850761414,0/0,60日新高,医疗器械,2025-08-04
228,688468,科美诊断,3.1802122592926025,8.76,10.19,192964430,3513706080.0,3513706080.0,5.613839626312256,0.0,是,1.867148756980896,0/0,60日新高,医疗器械,2025-08-04
276,688358,祥生医疗,2.2034411430358887,33.86,39.76,86947752,3796536822.82,3796536822.82,2.347856283187866,0.0,是,1.2742081880569458,0/0,60日新高,医疗器械,2025-08-04
220,688013,天臣医疗,3.280806064605713,39.98,46.45,87504592,3244600887.9999995,3244600887.9999995,2.7508625984191895,0.0,是,1.1961891651153564,0/0,60日新高,医疗器械,2025-08-04
51,002901,大博医疗,10.004476547241211,49.15,49.15,246863774,14180402792.949999,20349058621.6,1.7881766557693481,0.0,是,1.136160135269165,1/1,60日新高,医疗器械,2025-08-04
123,688198,佰仁医疗,6.111060619354248,115.99,131.17,147648223,15977405946.67,15977405946.67,0.9412744641304016,0.0,是,1.9444085359573364,0/0,60日新高,医疗器械,2025-08-04
286,301602,超研股份,1.9622093439102173,28.06,33.02,256016082,1637411107.4399998,12018929473.92,15.836569786071777,0.0,是,1.2674932479858398,0/0,60日新高,医疗器械,2025-08-04
363,300981,中红医疗,-0.9742518663406372,14.23,17.24,286700480,5592886328.17,6102748380.8,5.244429588317871,0.0,是,2.1249945163726807,0/0,60日新高,医疗器械,2025-08-04
294,002817,黄山胶囊,1.7391303777694702,8.19,8.86,53690931,2375421826.0499997,2449614061.44,2.28987979888916,0.0,是,1.2191591262817383,0/0,60日新高,医疗器械,2025-08-04
296,300318,博晖创新,1.7027864456176758,6.57,7.75,158570016,5246404409.88,5367036258.72,3.051823616027832,0.0,是,1.9368255138397217,0/0,60日新高,医疗器械,2025-08-04
105,300595,欧普康视,7.043816089630127,19.3,21.64,808948384,12901948868.0,17295741011.2,6.320689678192139,0.0,是,1.7702198028564453,0/0,60日新高,医疗器械,2025-08-04
109,688607,康众医疗,6.844740867614746,32.0,35.94,198776120,2820128864.0,2820128864.0,7.364792346954346,0.0,是,1.255220651626587,0/0,60日新高,医疗器械,2025-08-04
335,688399,硕世生物,0.8347529768943787,59.19,70.44,123397812,4964367165.99,4964367165.99,2.538679361343384,0.0,是,1.2133376598358154,0/0,60日新高,医疗器械,2025-08-04
92,688677,海泰新光,7.386497497558594,45.65,51.01,202838823,5472385050.0,5472385050.0,3.8392202854156494,0.0,是,1.6536580324172974,0/0,60日新高,医疗器械,2025-08-04
314,300396,迪瑞医疗,1.3468012809753418,15.05,17.82,116964199,4100401651.8500004,4104137408.0,2.902977705001831,0.0,是,1.2754215002059937,0/0,60日新高,医疗器械,2025-08-04
362,301096,百诚医药,-0.737265408039093,59.24,71.62,373633024,6457585283.96,6470683544.16,5.847838878631592,0.0,是,0.645121693611145,0/0,60日新高,医疗服务,2025-08-04
19,688621,阳光诺和,14.842941284179688,66.54,69.53,814592592,7452480000.000001,7452480000.000001,11.25443172454834,0.0,是,2.000911235809326,0/0,60日新高,医疗服务,2025-08-04
203,688130,晶华微,3.612334728240967,23.52,27.24,66232895,1417905410.8799999,2843358530.88,4.730381488800049,0.0,是,1.6087725162506104,0/0,60日新高,半导体,2025-08-04
188,688270,臻镭科技,3.945312738418579,53.22,61.44,399414304,11391826152.0,11391826152.0,3.5493016242980957,0.0,是,0.9126632213592529,0/0,60日新高,半导体,2025-08-04
163,688362,甬矽电子,4.594232082366943,31.19,35.78,424478208,8726679106.7,12776232943.84,4.923005104064941,0.0,是,1.41449773311615,0/0,60日新高,半导体,2025-08-04
162,688220,翱捷科技-U,4.597701072692871,91.0,104.4,889546432,32797142378.0,38065381536.0,2.7729458808898926,0.0,是,0.8058431148529053,0/0,60日新高,半导体,2025-08-04
223,688653,康希通信,3.2507739067077637,13.34,15.5,179193352,4142261989.2799997,5662563200.0,4.376376628875732,0.0,是,1.4770175218582153,0/0,60日新高,半导体,2025-08-04
178,688689,银河微电,4.173228740692139,26.46,30.48,100650713,3410777798.82,3410777798.82,2.949251890182495,0.0,是,1.2008633613586426,0/0,60日新高,半导体,2025-08-04
302,300661,圣邦股份,1.5881489515304565,76.12,89.92,1989749808,45109028659.200005,47034580883.840004,4.3830976486206055,0.0,是,1.442920446395874,0/0,60日新高,半导体,2025-08-04
253,002049,紫光国微,2.5790348052978516,73.98,79.33,2119842752,62840372576.04,62855153928.0,3.422670364379883,0.04056795313954353,是,0.9643713235855103,0/0,60日新高,半导体,2025-08-04
29,688230,芯导科技,11.470112800598145,69.0,74.28,507746784,8114400000.0,8114400000.0,6.461358070373535,0.0,是,2.494020462036133,0/0,60日新高,半导体,2025-08-04
90,688347,华虹公司,7.5507073402404785,63.1,70.4,1776571136,24699864000.0,108978722760.0,7.257188320159912,0.0,是,1.8408621549606323,0/0,60日新高,半导体,2025-08-04
7,688110,东芯股份,20.0,68.88,68.88,5667169792,30462163331.039997,30462163468.8,19.751689910888672,0.0,否,1.4041070938110352,5/3,近期多次涨停,半导体,2025-08-04
36,688521,芯原股份,10.360884666442871,104.28,113.39,1677785840,52228933320.96,54821380838.4,3.335395574569702,0.0,是,1.3793268203735352,0/0,60日新高,半导体,2025-08-04
69,688409,富创精密,9.670059204101562,62.49,68.38,683179664,11074073302.23,19135110892.32,6.410898685455322,0.0,是,2.0294082164764404,0/0,60日新高,半导体,2025-08-04
351,688484,南芯科技,0.12453299760818481,40.2,48.18,344850896,11787260889.0,17113257062.400002,2.9389798641204834,0.0,是,1.167256474494934,0/0,60日新高,半导体,2025-08-04
135,688403,汇成股份,5.751391410827637,11.4,12.94,638760912,6625759594.8,9578487571.2,9.792089462280273,0.0,是,0.9929603934288025,0/0,60日新高,半导体,2025-08-04
75,688048,长光华芯,9.094827651977539,75.93,83.52,1119482496,8064520971.990001,13384936071.990002,14.423215866088867,0.0,是,1.2210537195205688,0/0,60日新高,半导体,2025-08-04
369,301237,和顺科技,-1.7114914655685425,40.2,49.08,147974166,1577850000.0,3216000000.0,9.320746421813965,0.0,是,1.3955214023590088,0/0,60日新高,塑料制品,2025-08-04
306,600135,乐凯胶片,1.4943959712982178,8.15,8.83,142702290,4509452856.85,4509452897.6,3.1940670013427734,0.0,是,1.7443175315856934,0/0,60日新高,塑料制品,2025-08-04
182,688386,泛亚微透,4.068376064300537,60.88,70.2,208847447,5540080000.0,5540080000.0,3.8164989948272705,0.0,是,1.179998517036438,0/0,60日新高,塑料制品,2025-08-04
130,688087,英科再生,5.95542573928833,29.0,32.84,155768521,5401119210.0,5643301690.0,2.9163825511932373,0.0,是,2.3321499824523926,0/0,60日新高,塑料制品,2025-08-04
117,688669,聚石化学,6.365403652191162,21.89,24.7,90791765,2655986681.26,2655986681.26,3.4432754516601562,0.0,是,2.4234189987182617,0/0,60日新高,塑料制品,2025-08-04
101,002361,神剑股份,7.164178848266602,7.18,7.37,842141600,5809503025.12,6828431127.679999,14.821746826171875,0.0,是,1.2053015232086182,0/0,60日新高,塑料制品,2025-08-04
22,300586,美联新材,13.472333908081055,14.15,14.96,1150345392,7564540022.2,10063715456.0,15.906750679016113,0.0,是,3.0501790046691895,0/0,60日新高,塑料制品,2025-08-04
349,003011,海象新材,0.18674136698246002,21.46,23.56,123239336,1675784918.3600001,2203426960.0,7.390079498291016,0.18674136698246002,是,1.0046230554580688,0/0,60日新高,塑料制品,2025-08-04
72,300218,安利股份,9.45082950592041,17.14,18.79,502413488,3706977393.1600003,3719157180.0,13.741299629211426,0.0,是,4.819100856781006,0/0,60日新高,塑料制品,2025-08-04
88,300221,银禧科技,7.7100114822387695,9.36,10.43,580528000,4235394309.12,4488477477.12,14.009478569030762,0.0,是,2.8004562854766846,0/0,60日新高,塑料制品,2025-08-04
169,301187,欧圣电气,4.421768665313721,30.7,35.28,227168404,2051861577.3999999,7826459217.5,11.252532005310059,0.0,是,0.950933575630188,0/0,60日新高,家电行业,2025-08-04
148,603579,荣泰健康,5.305514335632324,35.33,36.91,337087888,6267466429.13,6267466429.13,5.518316745758057,0.08498582988977432,是,1.01031494140625,0/0,60日新高,家电行业,2025-08-04
214,603303,得邦照明,3.5059762001037598,12.99,13.81,89007709,6195510029.25,6195510042.24,1.4528497457504272,0.0,是,3.2726938724517822,0/0,60日新高,家电行业,2025-08-04
354,300625,三雄极光,0.0,12.4,14.88,43258979,2022749454.4,3463704499.2000003,2.1444075107574463,0.0,是,1.6039469242095947,0/0,60日新高,家电行业,2025-08-04
103,002149,西部材料,7.0711894035339355,22.41,23.02,533263536,10939201130.34,10940881835.52,4.967526435852051,0.0446428582072258,是,1.420983076095581,0/0,60日新高,小金属,2025-08-04
345,603909,建发合诚,0.584795355796814,10.32,11.29,22712005,2690146804.8,2690146804.8,0.843352735042572,-0.28985509276390076,是,1.0832968950271606,0/0,60日新高,工程咨询,2025-08-04
376,300500,启迪设计,-3.1716418266296387,15.57,19.3,561393824,2609500159.35,2708788710.33,21.518251419067383,0.0,是,1.9960968494415283,2/1,60日新高,工程咨询,2025-08-04
377,600629,华建集团,-3.211678981781006,13.26,15.07,1748159984,12638332083.0,12866690578.56,13.32506275177002,0.1510574072599411,是,1.2706080675125122,2/1,60日新高,工程咨询,2025-08-04
237,301505,苏州规划,3.0131826400756836,21.88,25.49,150972109,1649898574.12,2503071803.08,9.22066593170166,0.0,是,1.284267783164978,0/0,60日新高,工程咨询,2025-08-04
67,002775,文科股份,9.91735553741455,5.32,5.32,658362368,2357980791.04,3233152711.04,28.12834358215332,0.0,是,2.534351348876953,7/4,60日新高且近期多次涨停,工程建设,2025-08-04
368,603163,圣晖集成,-1.5823767185211182,31.72,35.45,423632688,1110287230.0,3172000000.0,36.08108901977539,0.1262626200914383,是,8.067824363708496,2/1,60日新高,工程建设,2025-08-04
48,002097,山河智能,10.007046699523926,15.61,15.61,2359928880,16744482334.789999,16774775491.039999,14.289878845214844,0.0,是,0.4859565198421478,11/7,60日新高且近期多次涨停,工程机械,2025-08-04
383,600684,珠江股份,-7.172130584716797,4.53,5.37,439794848,3866177075.19,3866177061.6000004,11.221407890319824,-0.4395604729652405,否,1.1349600553512573,4/2,近期多次涨停,房地产服,2025-08-04
321,000526,学大教育,1.1790715456008911,54.92,59.71,285489536,6564590840.28,6692612106.28,4.284027099609375,0.018211618065834045,是,2.0194575786590576,0/0,60日新高,教育,2025-08-04
390,300528,幸福蓝海,-11.334894180297852,18.93,25.62,1411031424,7053470462.22,7053470348.64,19.42470932006836,0.0,否,1.1885268688201904,8/4,近期多次涨停,文化传媒,2025-08-04
358,603729,龙韵股份,-0.28328612446784973,17.6,19.42,50367087,1642748800.0000002,1642748800.0000002,3.0780603885650635,0.0,是,0.8704269528388977,0/0,60日新高,文化传媒,2025-08-04
343,300182,捷成股份,0.6546645164489746,6.15,7.33,2207866176,13896283741.800001,16382527636.800001,15.635501861572266,0.0,是,2.3440208435058594,0/0,60日新高,文化传媒,2025-08-04
379,000558,天府文旅,-4.613296985626221,7.03,8.11,2694896736,9059452794.24,9063244382.56,28.259624481201172,0.0,是,1.2323060035705566,6/3,60日新高且近期多次涨停,旅游酒店,2025-08-04
388,600749,西藏旅游,-10.0,25.38,31.02,1068317664,5760384821.46,5760384821.46,17.906904220581055,0.0,否,1.4625235795974731,11/9,近期多次涨停,旅游酒店,2025-08-04
185,600531,豫光金铅,3.995299816131592,8.85,9.36,476701072,9648786397.5,9648786415.199999,5.054616451263428,-0.11286681890487671,是,1.1505047082901,0/0,60日新高,有色金属,2025-08-04
99,688231,隆达股份,7.244897842407227,21.02,23.52,173181124,2657952977.24,5188937145.86,6.680890083312988,0.0,是,1.7159980535507202,0/0,60日新高,有色金属,2025-08-04
248,002203,海亮股份,2.773109197616577,12.23,13.09,1624907344,23616132861.82,24473819117.280003,6.974087715148926,-0.32599836587905884,是,3.0512473583221436,0/0,60日新高,有色金属,2025-08-04
110,300855,图南股份,6.800000190734863,26.7,30.0,425487872,7821928884.599999,10560691156.8,5.498117446899414,0.0,是,2.6082005500793457,0/0,60日新高,有色金属,2025-08-04
23,300731,科创新源,12.947657585144043,36.9,39.2,877063840,4433831639.099999,4665333567.599999,19.77373504638672,0.0,是,2.177187204360962,0/0,60日新高,橡胶制品,2025-08-04
311,605183,确成股份,1.4258555173873901,21.34,23.14,185928740,8801244356.3,8874946463.68,2.1310553550720215,0.0938086286187172,是,1.0586541891098022,0/0,60日新高,橡胶制品,2025-08-04
154,001207,联科科技,4.932378768920898,26.38,27.65,263913740,5184951302.98,5338150330.32,5.188234329223633,0.0,是,1.7846320867538452,0/0,60日新高,橡胶制品,2025-08-04
97,300547,川环科技,7.288378715515137,37.39,41.82,1404164048,6663780291.83,8110121845.86,21.80194091796875,0.0,是,1.6782376766204834,0/0,60日新高,橡胶制品,2025-08-04
382,603616,韩建河山,-6.424581050872803,6.7,7.88,616376832,2555165600.0,2621830600.0,23.16454315185547,0.1494768261909485,否,0.6999831199645996,11/6,近期多次涨停,水泥建材,2025-08-04
378,600326,西藏天路,-4.010989189147949,17.47,20.02,6963056128,23197778891.41,23212644201.76,28.468311309814453,-0.057208236306905746,否,0.8287181854248047,11/6,近期多次涨停,水泥建材,2025-08-04
341,688479,友车科技,0.7526342272758484,20.08,23.92,21703584,1251333392.0,2897893391.9999995,1.7413002252578735,0.0,是,0.9064612984657288,0/0,60日新高,汽车服务,2025-08-04
136,600626,申达股份,5.7441253662109375,4.05,4.21,165870987,4487313775.5,5349015921.599999,3.732097864151001,0.0,是,2.4615559577941895,0/0,60日新高,汽车零部,2025-08-04
129,605333,沪光股份,5.957320690155029,35.75,37.11,301742640,15614744895.75,15614744860.0,2.00156569480896,0.0,是,1.3229259252548218,0/0,60日新高,汽车零部,2025-08-04
291,001260,坤泰股份,1.776649832725525,20.05,21.67,40103265,636587500.0,2305750000.0,6.339212417602539,0.14985014498233795,是,1.3986164331436157,0/0,60日新高,汽车零部,2025-08-04
46,603286,日盈电子,10.009750366210938,33.85,33.85,790417392,3906792029.3500004,3974800064.3500004,21.167238235473633,0.0,否,2.5221428871154785,2/2,近期多次涨停,汽车零部,2025-08-04
161,002536,飞龙股份,4.609929084777832,17.7,18.61,639029072,9636184440.0,10173710217.6,6.7722649574279785,-0.2254791259765625,是,1.4020451307296753,0/0,60日新高,汽车零部,2025-08-04
219,601717,中创智领,3.2835822105407715,17.3,18.43,555584496,26679467129.0,30887418892.800003,2.1015985012054443,0.057836901396512985,是,1.2311639785766602,0/0,60日新高,汽车零部,2025-08-04
125,002406,远东传动,5.985037326812744,8.5,8.82,831200496,5118802297.5,6206913248.0,16.38790512084961,0.0,是,1.0924383401870728,0/0,60日新高,汽车零部,2025-08-04
20,301529,福赛科技,14.269462585449219,70.31,73.84,464492784,3180719638.1,5964904235.1,15.696803092956543,0.0,是,1.1539331674575806,0/0,60日新高,汽车零部,2025-08-04
60,603767,中马传动,9.994977951049805,21.9,21.9,286129296,6759029850.0,6759029937.599999,4.372374057769775,0.0,是,0.5758839249610901,4/3,60日新高且近期多次涨停,汽车零部,2025-08-04
108,603161,科华控股,6.915739059448242,13.45,13.84,290249744,2565570687.5,2614783632.25,11.317161560058594,0.0,是,4.741359710693359,0/0,60日新高,汽车零部,2025-08-04
83,300733,西菱动力,8.47299861907959,23.3,25.78,1029326880,5254564343.900001,7122257510.400001,19.937469482421875,0.0,是,2.0756747722625732,0/0,60日新高,汽车零部,2025-08-04
70,300695,兆丰股份,9.590643882751465,93.7,102.6,391000880,9581473778.800001,9581473778.800001,4.218288421630859,0.0,是,2.562755584716797,0/0,60日新高,汽车零部,2025-08-04
104,688071,华依科技,7.052316665649414,46.45,52.07,139571751,3938482679.8,3938482679.8,3.6858227252960205,0.0,是,0.9517155885696411,0/0,60日新高,汽车零部,2025-08-04
102,603211,晋拓股份,7.162534236907959,19.45,19.97,533754768,5286665600.0,5286665600.0,10.160603523254395,0.0,是,7.2465901374816895,0/0,60日新高,汽车零部,2025-08-04
87,603089,正裕工业,7.790463447570801,16.05,16.38,275853840,3852533951.4,3852533951.4,7.331545829772949,-0.06226649880409241,是,2.164971113204956,0/0,60日新高,汽车零部,2025-08-04
155,605228,神通科技,4.8929667472839355,13.72,14.39,88264462,5849733425.2,5890934667.52,1.5476396083831787,0.07293946295976639,是,1.106505274772644,0/0,60日新高,汽车零部,2025-08-04
4,301357,北方长龙,20.0,114.78,114.78,1481273584,2731764000.0,10927056000.0,58.46268081665039,0.0,是,1.1333321332931519,1/1,60日新高,汽车零部,2025-08-04
27,301489,思泉新材,12.016143798828125,122.12,130.82,1376652928,5812991622.24,9861662238.04,24.545211791992188,0.0,是,1.4955942630767822,0/0,60日新高,消费电子,2025-08-04
209,300602,飞荣达,3.5699286460876465,24.66,28.57,758491440,9750659508.18,14348752035.84,7.831911563873291,0.0,是,1.6745365858078003,0/0,60日新高,消费电子,2025-08-04
111,300735,光弘科技,6.72862434387207,28.71,32.28,1267904064,21736614491.46,22033796352.48,5.991373062133789,0.0,是,1.532349944114685,0/0,60日新高,消费电子,2025-08-04
147,300686,智动力,5.30888032913208,10.91,12.43,249406303,2112949158.97,2843410240.2,11.837247848510742,0.0,是,2.353132486343384,0/0,60日新高,消费电子,2025-08-04
96,688036,传音控股,7.33249044418335,84.9,94.92,1614153616,96815763817.5,96815763902.40001,1.7145822048187256,0.0,是,2.336988687515259,0/0,60日新高,消费电子,2025-08-04
263,002402,和而泰,2.3866348266601562,25.74,27.65,1832675056,20742111124.02,23804513853.12,8.86811637878418,-0.03883495181798935,是,0.9302278161048889,0/0,60日新高,消费电子,2025-08-04
40,600203,福日电子,10.03752326965332,11.73,11.73,1583695264,6955750201.860001,6955750178.400001,23.87061882019043,0.0,是,1.471821904182434,1/1,60日新高,消费电子,2025-08-04
77,300002,神州泰岳,8.630245208740234,13.72,15.16,3116840112,24941746795.280003,26926391251.2,12.795884132385254,0.0,是,2.4065322875976562,0/0,60日新高,游戏,2025-08-04
167,603444,吉比特,4.477011203765869,363.58,382.8,955080064,26192703501.579998,26192703501.579998,3.7387475967407227,0.0027505019679665565,是,1.7691683769226074,0/0,60日新高,游戏,2025-08-04
245,001299,美能能源,2.8317151069641113,12.71,13.6,129471679,831616202.4100001,3083936682.26,15.61817455291748,-0.07861635088920593,是,2.145122766494751,0/0,60日新高,燃气,2025-08-04
143,603080,新疆火炬,5.472900867462158,19.85,20.7,322482064,2808775000.0,2808775000.0,11.34561824798584,0.35389283299446106,是,3.6755459308624268,0/0,60日新高,燃气,2025-08-04
271,605050,福然德,2.274019241333008,17.99,19.35,197713263,8865996966.189999,8865997020.16,2.2474186420440674,0.055617351084947586,是,1.8686625957489014,0/0,60日新高,物流行业,2025-08-04
289,300873,海晨股份,1.8109540939331055,23.05,27.17,221350202,3845654739.25,5315371005.95,5.823086261749268,0.0,是,0.9677679538726807,0/0,60日新高,物流行业,2025-08-04
274,002468,申通快递,2.222222328186035,16.56,17.82,1582722112,24708276079.92,25350083769.6,6.381636142730713,-0.48076924681663513,是,1.0284343957901,0/0,60日新高,物流行业,2025-08-04
189,001202,炬申股份,3.880596876144409,13.92,14.74,89052224,1626189453.6,2320340251.2,5.5492472648620605,-0.2865329682826996,是,2.4563357830047607,0/0,60日新高,物流行业,2025-08-04
47,001331,胜通能源,10.007147789001465,15.39,15.39,60748008,1085918400.0,4343673600.0,5.5941596031188965,0.0,是,0.5477883219718933,4/4,60日新高且近期多次涨停,物流行业,2025-08-04
295,001228,永泰运,1.7254902124404907,25.94,28.05,77183738,2694247957.46,2694247957.46,2.87422251701355,0.038565367460250854,是,1.6657180786132812,0/0,60日新高,物流行业,2025-08-04
353,002120,韵达股份,0.0,8.07,8.88,1409296480,22718050276.5,23396506555.2,6.106488227844238,-0.37037035822868347,是,1.3379017114639282,0/0,60日新高,物流行业,2025-08-04
258,688701,卓锦股份,2.473118305206299,9.53,11.16,27068163,1279663355.1599998,1279663355.1599998,2.1392548084259033,0.0,是,1.1506152153015137,0/0,60日新高,环保行业,2025-08-04
192,603903,中持股份,3.789731025695801,8.49,9.0,275586592,2167662385.2000003,2167662385.2000003,12.455524444580078,0.0,是,7.0373382568359375,0/0,60日新高,环保行业,2025-08-04
313,300800,力合科技,1.3547840118408203,11.97,14.17,42384866,2805546555.0,2834005230.0,1.5176539421081543,0.0,是,1.1447374820709229,0/0,60日新高,环保行业,2025-08-04
297,300929,华骐环保,1.6799293756484985,11.5,13.57,54240094,1457594594.0,1519528994.0,3.7481894493103027,0.0,是,1.2577011585235596,0/0,60日新高,环保行业,2025-08-04
68,688309,恒誉环保,9.844098091125488,24.66,26.94,108903666,1973064675.78,1973064675.78,5.716484546661377,0.0,是,3.0303337574005127,0/0,60日新高,环保行业,2025-08-04
318,300385,雪浪环境,1.2302285432815552,5.76,6.83,50887200,1667480446.08,1918920591.36,3.0878701210021973,0.0,是,1.2778915166854858,0/0,60日新高,环保行业,2025-08-04
238,688021,奥福科技,2.9867892265319824,17.93,20.89,36919119,1370097945.81,1370097945.81,2.725403308868408,0.0,是,1.1572349071502686,0/0,60日新高,环保行业,2025-08-04
53,603200,上海洗霸,10.00160026550293,68.74,68.74,836838320,12062502280.22,12062502280.22,7.22817850112915,0.0,是,0.8584088087081909,1/1,60日新高,环保行业,2025-08-04
323,688057,金达莱,1.1574074029922485,13.11,15.55,28986979,3618360000.0,3618360000.0,0.8056290149688721,0.0,是,0.985508143901825,0/0,60日新高,环保行业,2025-08-04
254,301081,严牌股份,2.578796625137329,10.74,12.56,42745419,2318749685.94,2417858083.7400002,1.8667250871658325,0.0,是,1.2558722496032715,0/0,60日新高,环保行业,2025-08-04
30,688376,美埃科技,11.405529975891113,48.35,52.08,207591326,2465153228.15,6498240000.0,8.752949714660645,0.0,是,1.0770809650421143,0/0,60日新高,环保行业,2025-08-04
17,688466,金科环境,15.302820205688477,24.94,25.96,152214542,3070588483.5,3070588483.5,5.197938919067383,0.0,是,2.5117409229278564,0/0,60日新高,环保行业,2025-08-04
128,688069,德林海,5.9668989181518555,24.33,27.55,50943258,2749290000.0,2749290000.0,1.9078831672668457,0.0,是,2.5757408142089844,0/0,60日新高,环保行业,2025-08-04
179,603256,宏和科技,4.132869720458984,26.96,28.48,1468852048,23717453400.0,23717453507.84,6.380692481994629,0.0371057502925396,是,1.3752999305725098,6/3,60日新高且近期多次涨停,玻璃玻纤,2025-08-04
310,835438,戈碧迦,1.4394962787628174,22.55,28.89,193726553,3143335827.5,3261406500.0,6.316030502319336,0.0,是,1.2345890998840332,0/0,60日新高,玻璃玻纤,2025-08-04
375,300683,海特生物,-2.3673605918884277,58.15,71.47,785953888,7098058874.15,7611508836.65,11.256268501281738,0.0,是,0.7167288064956665,0/0,60日新高,生物制品,2025-08-04
319,301166,优宁维,1.211225986480713,34.26,40.62,75801344,1925499979.6799998,2969200045.68,3.9960806369781494,0.0,是,1.1543446779251099,0/0,60日新高,生物制品,2025-08-04
334,300294,博雅生物,0.8483954668045044,27.34,32.53,331354160,13786160496.92,13786160442.24,2.4045369625091553,0.0,是,1.8198482990264893,0/0,60日新高,生物制品,2025-08-04
1,688265,南模生物,20.005489349365234,43.73,43.73,166486751,3409344423.49,3409344423.49,5.239189147949219,0.0,是,3.3465890884399414,1/1,60日新高,生物制品,2025-08-04
195,603087,甘李药业,3.754713773727417,63.28,67.09,1579261648,35525303471.28,38035411930.88,4.54926872253418,0.03161555528640747,是,1.27090585231781,0/0,60日新高,生物制品,2025-08-04
28,688163,赛伦生物,11.896974563598633,27.37,29.35,189881522,1214461640.0,2961981400.0,16.392114639282227,0.0,是,1.8189911842346191,0/0,60日新高,生物制品,2025-08-04
52,600211,西藏药业,10.002381324768066,46.19,46.19,1450815984,14887923663.24,14887923848.0,9.970149993896484,0.0,是,2.4983713626861572,1/1,60日新高,生物制品,2025-08-04
66,000534,万泽股份,9.974586486816406,17.31,17.31,1018432704,8617930479.21,8726357359.199999,12.012985229492188,0.0,是,4.921772003173828,2/2,60日新高且近期多次涨停,生物制品,2025-08-04
115,688488,艾迪药业,6.566604137420654,17.04,19.19,447278608,7170139048.32,7170139184.639999,6.5824785232543945,0.0,是,1.3972021341323853,0/0,60日新高,生物制品,2025-08-04
187,600161,天坛生物,3.986048698425293,20.87,22.08,1782450496,41267742078.020004,41267741952.8,4.271667957305908,-0.14354068040847778,是,4.6552934646606445,0/0,60日新高,生物制品,2025-08-04
300,600021,上海电力,1.6511868238449097,9.85,10.66,1105938560,27744924903.25,27744924932.8,3.9733946323394775,-0.10141987353563309,是,1.5976351499557495,0/0,60日新高,电力行业,2025-08-04
251,605580,恒盛能源,2.646868944168091,15.9,17.04,159059086,4452000000.0,4452000000.0,3.619575023651123,0.18903592228889465,是,1.8833441734313965,0/0,60日新高,电力行业,2025-08-04
322,300319,麦捷科技,1.168614387512207,12.12,14.38,796152576,10056085054.56,10654641774.72,8.008255958557129,0.0,是,1.5920076370239258,0/0,60日新高,电子元件,2025-08-04
157,300657,弘信电子,4.851383686065674,30.69,35.12,1787815792,14381734535.19,14809636274.400002,12.500226974487305,0.0,是,1.6370959281921387,0/0,60日新高,电子元件,2025-08-04
150,688053,思科瑞,5.122564315795898,33.45,38.18,91251281,3345000000.0000005,3345000000.0000005,2.753870964050293,0.0,是,2.046600580215454,0/0,60日新高,电子元件,2025-08-04
141,300747,锐科激光,5.549949645996094,31.38,35.68,1436356848,15981006885.96,17723502324.48,9.258075714111328,0.0,是,1.1375185251235962,0/0,60日新高,电子元件,2025-08-04
207,301280,珠城科技,3.582021713256836,45.4,52.6,228008199,1721687856.0,6209818356.0,13.467588424682617,0.0,是,1.3327821493148804,0/0,60日新高,电子元件,2025-08-04
250,300474,景嘉微,2.6470956802368164,81.82,95.65,1661934080,33256676575.379997,42760704253.119995,5.0402913093566895,0.0,是,1.027582049369812,0/0,60日新高,电子元件,2025-08-04
112,688143,长盈通,6.663613796234131,46.58,52.4,188134796,4402861590.08,5700200763.08,4.352993011474609,0.0,是,1.6187950372695923,0/0,60日新高,电子元件,2025-08-04
95,688210,统联精密,7.348066329956055,38.86,43.44,418557120,6226977267.74,6226977267.74,7.103233337402344,0.0,是,0.9604986906051636,0/0,60日新高,电子元件,2025-08-04
347,002869,金溢科技,0.2293577939271927,26.22,28.78,198626166,4175803859.8799996,4707967261.0199995,4.7582807540893555,0.1910584568977356,是,0.8653684854507446,0/0,60日新高,电子元件,2025-08-04
158,688800,瑞可达,4.836193561553955,67.2,76.92,2596523648,13821315312.0,13821315312.0,18.70241355895996,0.0,是,2.030893325805664,2/1,60日新高,电子元件,2025-08-04
227,688539,高华科技,3.2246508598327637,28.81,33.49,99802887,3016983200.0,5356355200.0,3.340742826461792,0.0,是,1.0678366422653198,0/0,60日新高,电子元件,2025-08-04
81,688371,菲沃泰,8.481374740600586,18.93,20.94,104633001,6350491699.08,6350491623.36,1.7086576223373413,0.0,是,1.936969518661499,0/0,60日新高,电子元件,2025-08-04
59,603124,江南新材,9.99816608428955,59.96,59.96,364502800,1717104859.76,8738882132.04,21.386198043823242,0.0,是,0.8749215006828308,3/2,60日新高且近期多次涨停,电子元件,2025-08-04
55,002484,江海股份,10.0,26.18,26.18,1684274928,21479963897.7,22266716644.48,7.902378082275391,0.0,是,1.8279966115951538,1/1,60日新高,电子元件,2025-08-04
24,688025,杰普特,12.579364776611328,113.48,120.96,287089696,10786208522.04,10786208522.04,2.833195447921753,0.0,是,0.9584036469459534,0/0,60日新高,电子元件,2025-08-04
16,688655,迅捷兴,15.809128761291504,27.91,28.92,180385336,3722914900.0,3722914900.0,5.179184436798096,0.0,是,2.155992031097412,0/0,60日新高,电子元件,2025-08-04
5,301389,隆扬电子,20.0,51.72,51.72,657395920,4245024870.8399997,14662620000.0,16.49091148376465,0.0,是,0.528587281703949,1/1,60日新高,电子元件,2025-08-04
71,301517,陕西华达,9.583714485168457,47.91,52.46,794532240,2849082175.7999997,7245782875.799999,28.51010513305664,0.0,是,1.8609583377838135,0/0,60日新高,电子元件,2025-08-04
199,603320,迪贝电气,3.686150550842285,19.69,20.89,88795614,2936688737.07,2936688737.07,3.054697275161743,0.05081300437450409,是,1.431525707244873,0/0,60日新高,电机,2025-08-04
231,002245,蔚蓝锂芯,3.0927834510803223,15.0,16.01,1198783712,16251455355.0,17280698160.0,7.449957370758057,0.06671114265918732,是,1.3817012310028076,0/0,60日新高,电池,2025-08-04
18,300648,星云股份,14.89753532409668,49.9,52.12,712507408,5298853006.099999,8696641860.0,14.197488784790039,0.0,是,1.7700988054275513,0/0,60日新高,电池,2025-08-04
243,001283,豪鹏科技,2.847109079360962,82.0,87.7,433303168,4744169122.0,6610020902.0,9.246204376220703,0.09765625,是,1.0114057064056396,0/0,60日新高,电池,2025-08-04
84,002851,麦格米特,8.418926239013672,64.39,65.33,3109272672,29327398690.46,35265962057.28,10.913053512573242,0.21789884567260742,是,1.5528712272644043,0/0,60日新高,电源设备,2025-08-04
256,300510,金冠股份,2.5490195751190186,5.23,6.12,204848397,4313132361.0,4313132381.92,4.821564197540283,0.0,是,1.4682214260101318,0/0,60日新高,电网设备,2025-08-04
365,002533,金杯电工,-1.0849909782409668,10.94,12.17,1050359488,6975841037.0199995,8029315152.639999,14.968836784362793,0.0,是,2.7238380908966064,2/1,60日新高,电网设备,2025-08-04
247,300407,凯发电气,2.8258888721466064,11.28,13.16,106369469,2755253634.72,3589301594.8799996,3.907078981399536,0.0,是,1.3635590076446533,0/0,60日新高,电网设备,2025-08-04
139,603312,西典新能,5.678465843200684,42.99,44.75,174929674,2257834800.0,6947184000.0,7.916029930114746,0.06983239948749542,是,2.22053861618042,0/0,60日新高,电网设备,2025-08-04
180,688676,金盘科技,4.073068618774414,42.16,48.61,1287085248,19363500795.519997,19363501132.8,6.625472068786621,0.0,是,1.916636347770691,0/0,60日新高,电网设备,2025-08-04
326,688681,科汇股份,1.1042945384979248,16.48,19.56,37487145,1724961600.0,1724961600.0,2.2000105381011963,0.0,是,1.2646328210830688,0/0,60日新高,电网设备,2025-08-04
224,688611,杭州柯林,3.247422695159912,40.06,46.56,144103406,6144787376.0,6144787376.0,2.3777668476104736,0.0,是,0.9624940156936646,0/0,60日新高,电网设备,2025-08-04
240,002346,柘中股份,2.859135389328003,14.75,15.77,86329851,5802649321.5,6513237504.0,1.496388554573059,-0.2029770016670227,是,1.6640242338180542,0/0,60日新高,电网设备,2025-08-04
389,603839,安正时尚,-10.021552085876465,8.35,10.21,349218736,3248438075.0,3248438041.6,10.690975189208984,0.0,否,1.9630156755447388,5/3,近期多次涨停,纺织服装,2025-08-04
307,601339,百隆东方,1.478743076324463,5.49,5.95,85827042,8232633810.0,8232633853.92,1.057088017463684,0.18248175084590912,是,1.0515573024749756,0/0,60日新高,纺织服装,2025-08-04
50,603059,倍加洁,10.00592041015625,37.16,37.16,74767035,3732673691.9999995,3732673691.9999995,2.003042459487915,0.0,是,0.5943877696990967,3/3,60日新高且近期多次涨停,美容护理,2025-08-04
132,300775,三角防务,5.828917503356934,27.96,31.7,966329120,14862849190.560001,15309200058.24,6.625162124633789,0.0,是,1.877794623374939,0/0,60日新高,航天航空,2025-08-04
38,688586,江航装备,10.123456954956055,13.38,14.58,481679648,10588117907.28,10588117853.76,4.669825553894043,0.0,是,1.7024539709091187,0/0,60日新高,航天航空,2025-08-04
236,600118,中国卫星,3.0313589572906494,29.57,31.57,913465440,34966203721.95,34966203751.52,2.613995313644409,0.0,是,1.2477926015853882,0/0,60日新高,航天航空,2025-08-04
176,002933,新兴装备,4.253544807434082,37.5,39.57,334459344,4277720512.5,4400625000.0,7.8876118659973145,0.08006405085325241,是,1.4853432178497314,0/0,60日新高,航天航空,2025-08-04
32,688510,航亚科技,11.188811302185059,27.03,29.17,510365792,6984081894.240001,6984081894.240001,7.511325836181641,0.0,是,1.9011180400848389,0/0,60日新高,航天航空,2025-08-04
146,688237,超卓航科,5.371002674102783,33.94,38.65,63847444,3041136341.3999996,3041136341.3999996,2.1393752098083496,0.0,是,1.2503479719161987,0/0,60日新高,航天航空,2025-08-04
145,688523,航天环宇,5.407841682434082,23.39,26.63,143124899,2257507766.43,9516923200.0,6.426051616668701,0.0,是,1.5295637845993042,0/0,60日新高,航天航空,2025-08-04
191,600038,中直股份,3.8706393241882324,40.79,43.2,1041271744,27285867664.59,33443444280.64,3.8429644107818604,0.0,是,2.38449764251709,0/0,60日新高,航天航空,2025-08-04
8,300965,恒宇信通,19.996845245361328,76.09,76.09,528967152,1568157832.5,4565400000.0,37.04045104980469,0.0,是,1.8327710628509521,4/2,60日新高且近期多次涨停,航天航空,2025-08-04
3,300696,爱乐达,20.0,30.12,30.12,1048254432,5081405895.0,8829767637.12,21.246448516845703,0.0,是,1.4381405115127563,1/1,60日新高,航天航空,2025-08-04
61,600879,航天电子,9.989806175231934,10.79,10.79,1278044960,35599439813.86,35599439749.119995,3.636789083480835,0.0,是,1.6507704257965088,1/1,60日新高,航天航空,2025-08-04
142,000099,中信海直,5.53790283203125,23.25,24.23,1642424816,18036655685.25,18036655848.0,9.1138916015625,0.0,是,3.8591666221618652,0/0,60日新高,航空机场,2025-08-04
198,002718,友邦吊顶,3.7015278339385986,17.65,18.72,59973217,1150920423.3999999,2320054181.85,5.270752429962158,0.11344299465417862,是,2.0342037677764893,0/0,60日新高,装修建材,2025-08-04
348,603180,金牌家居,0.19455252587795258,20.6,22.62,40003541,3177696012.8,3177696012.8,1.2620152235031128,-0.14541928470134735,是,1.1097146272659302,0/0,60日新高,装修建材,2025-08-04
380,001216,华瓷股份,-4.970178604125977,14.34,16.6,290961616,3611768478.0,3611768478.0,8.027594566345215,0.0,否,1.043088674545288,6/3,近期多次涨停,装修建材,2025-08-04
298,603992,松霖科技,1.661580204963684,29.98,32.44,241047323,12734043464.34,12978200494.4,1.9370559453964233,0.033366698771715164,是,0.9128272533416748,0/0,60日新高,装修建材,2025-08-04
260,001238,浙江正特,2.4479804039001465,41.85,44.94,37601412,1338242681.25,4603500000.0,2.8458123207092285,0.07173601537942886,是,0.9933880567550659,0/0,60日新高,装修建材,2025-08-04
281,301589,诺瓦星云,2.080871820449829,155.51,182.81,103741748,5359645929.599999,14376588480.0,1.940881371498108,0.0,是,1.3975133895874023,0/0,60日新高,计算机设,2025-08-04
361,603516,淳中科技,-0.7214789986610413,66.05,73.18,1711939760,13425737727.949999,13425737727.949999,12.640522003173828,0.24282895028591156,是,1.5978590250015259,3/2,60日新高且近期多次涨停,计算机设,2025-08-04
299,300270,中威电子,1.658767819404602,8.58,10.13,64024482,2202553764.84,2598075754.56,2.9333503246307373,0.0,是,0.9198871850967407,0/0,60日新高,计算机设,2025-08-04
337,300807,天迈科技,0.8224378228187561,47.81,56.9,214705213,2345230719.02,3252972654.4700003,9.224687576293945,0.0,是,1.0980483293533325,0/0,60日新高,计算机设,2025-08-04
171,301099,雅创电子,4.351553916931152,48.68,55.98,356368352,3427086165.88,5557225605.88,10.546317100524902,0.0,是,3.3673462867736816,0/0,60日新高,贸易行业,2025-08-04
342,688078,龙软科技,0.7058823704719543,34.24,40.8,48890399,2495856320.0,2495856320.0,1.9742718935012817,0.0,是,1.1415396928787231,0/0,60日新高,软件开发,2025-08-04
217,688109,品茗科技,3.319713830947876,40.46,46.99,164206186,3189959458.0,3189959458.0,5.237226486206055,0.0,是,1.330754041671753,0/0,60日新高,软件开发,2025-08-04
346,301185,鸥玛软件,0.2906976640224457,20.7,24.77,152755911,2893459724.1,3175744320.0,5.306814193725586,0.0,是,1.5350470542907715,0/0,60日新高,软件开发,2025-08-04
290,688296,和达科技,1.7806267738342285,14.29,16.85,33300661,1534648256.3999999,1541871851.3999999,2.190402030944824,0.0,是,1.0019934177398682,0/0,60日新高,软件开发,2025-08-04
98,688369,致远互联,7.2463765144348145,33.3,37.26,301491328,3836761764.2999997,3836761764.2999997,8.187697410583496,0.0,是,1.6241674423217773,0/0,60日新高,软件开发,2025-08-04
194,688030,山石网科,3.774587869644165,19.52,22.57,115299484,3518141484.16,3518141484.16,3.309709310531616,0.0,是,2.0109965801239014,0/0,60日新高,软件开发,2025-08-04
257,688695,中创股份,2.489109992980957,32.94,38.57,75992347,1688807250.36,2801592391.3199997,4.543078899383545,0.0,是,1.4079551696777344,0/0,60日新高,软件开发,2025-08-04
62,603859,能科科技,9.98967456817627,42.61,42.61,823097168,10426569039.61,10426569039.61,8.226950645446777,0.0,是,1.893108606338501,1/1,60日新高,软件开发,2025-08-04
113,300378,鼎捷数智,6.607640743255615,65.02,73.19,3406408480,17515125311.6,17645961936.64,20.008281707763672,0.0,是,1.516301155090332,0/0,60日新高,软件开发,2025-08-04
255,300608,思特奇,2.5498008728027344,12.87,15.06,239089854,3700986093.0899997,4262929688.16,6.528194904327393,0.0,是,1.1564686298370361,0/0,60日新高,软件开发,2025-08-04
25,688118,普元信息,12.092391014099121,33.0,35.33,472686944,3029981229.0,3029981229.0,16.23394012451172,0.0,是,1.9274253845214844,0/0,60日新高,软件开发,2025-08-04
267,300768,迪普科技,2.3163843154907227,18.11,21.24,269059728,7618292209.99,11659743914.4,3.572063684463501,0.0,是,1.8093870878219604,0/0,60日新高,软件开发,2025-08-04
12,300830,金现代,19.964664459228516,13.58,13.58,1354999376,4285469172.32,5841139326.4,33.73456573486328,0.0,是,2.1403470039367676,1/1,60日新高,软件开发,2025-08-04
225,688060,云涌科技,3.2385661602020264,41.76,48.54,32631494,2513564801.2799997,2513564801.2799997,1.315712571144104,0.0,是,1.3079404830932617,0/0,60日新高,软件开发,2025-08-04
333,300369,绿盟科技,0.859950840473175,8.21,9.77,192325450,6553444228.280001,6562323014.880001,2.947122573852539,0.0,是,1.0905245542526245,0/0,60日新高,软件开发,2025-08-04
340,300229,拓尔思,0.7554672360420227,25.34,30.18,1712353136,22122586104.22,22137554315.52,7.82093620300293,0.0,是,0.717287003993988,0/0,60日新高,软件开发,2025-08-04
262,603508,思维列控,2.4365134239196777,29.85,32.05,228958142,11381040153.45,11381040362.4,2.0135409832000732,0.23505708575248718,是,1.71239173412323,0/0,60日新高,软件开发,2025-08-04
312,301218,华是科技,1.4109346866607666,23.0,27.22,68888651,1611583228.0,2622920000.0,4.318467617034912,0.0,是,1.0133521556854248,0/0,60日新高,软件开发,2025-08-04
149,300556,丝路视觉,5.188679218292236,22.3,25.44,436644272,2386315618.7000003,2710883176.4,18.56671142578125,0.0,是,3.0024635791778564,0/0,60日新高,软件开发,2025-08-04
305,002439,启明星辰,1.5015015602111816,16.9,18.32,1152602864,12258295618.4,20472663515.199997,9.400447845458984,-0.05913660302758217,是,1.9098501205444336,0/0,60日新高,软件开发,2025-08-04
304,603039,泛微网络,1.5408986806869507,70.51,76.38,414581184,18375122677.23,18375122677.23,2.313438653945923,0.014184397645294666,是,1.1961804628372192,0/0,60日新高,软件开发,2025-08-04
249,300235,方直科技,2.651515245437622,13.55,15.84,401717152,2752438776.15,3411166904.25,14.898537635803223,0.0,是,1.1238304376602173,0/0,60日新高,软件开发,2025-08-04
325,301172,君逸数码,1.107521891593933,21.91,26.0,67004543,2163964812.8,3779036800.0,3.1102986335754395,0.0,是,1.0560487508773804,0/0,60日新高,软件开发,2025-08-04
301,688651,盛邦安全,1.5915119647979736,38.3,45.24,54305200,1243004515.8,2887781700.0,4.4095587730407715,0.0,是,1.1492475271224976,0/0,60日新高,软件开发,2025-08-04
122,301248,杰创智能,6.116208076477051,27.76,31.39,607865248,2835569490.0,4266850800.0000005,21.960111618041992,0.0,是,2.400560140609741,0/0,60日新高,软件开发,2025-08-04
118,688682,霍莱沃,6.2985076904296875,35.61,40.2,132876291,3626483050.95,3626483050.95,3.767066717147827,0.0,是,1.815435767173767,0/0,60日新高,通信服务,2025-08-04
6,688081,兴图新科,20.0,26.46,26.46,306797344,2726438400.0,2726438400.0,12.085103988647461,0.0,是,3.2501718997955322,1/1,60日新高,通信服务,2025-08-04
41,002148,北纬科技,10.028247833251953,7.79,7.79,670205072,3500184189.69,4354511285.12,19.711830139160156,0.0,是,4.799254417419434,1/1,60日新高,通信服务,2025-08-04
293,301600,慧翰股份,1.7706576585769653,120.7,142.32,327359216,3156244650.0,12615986450.0,10.53906536102295,0.0,是,0.9447852373123169,0/0,60日新高,通信设备,2025-08-04
151,300397,天和防务,5.1192145347595215,14.99,17.11,1008127376,6078526065.92,7759374912.4800005,16.756633758544922,0.0,是,1.9852527379989624,0/0,60日新高,通信设备,2025-08-04
315,002902,铭普光磁,1.3215858936309814,23.0,24.97,1186402448,4085541658.0,5405208426.0,29.389251708984375,-0.04345936328172684,是,2.713250160217285,0/0,60日新高,通信设备,2025-08-04
242,300762,上海瀚讯,2.8512396812438965,24.89,29.04,1052074752,15630068065.08,15630068164.640001,6.800588607788086,0.0,是,1.211925745010376,0/0,60日新高,通信设备,2025-08-04
37,300101,振芯科技,10.227801322937012,23.71,25.81,1132511648,13420889369.65,13465044052.16,8.589365005493164,0.0,是,4.3832550048828125,0/0,60日新高,通信设备,2025-08-04
9,688788,科思科技,19.996700286865234,72.73,72.73,705264960,11424021693.84,11424021693.84,6.492649078369141,0.0,是,1.2296420335769653,1/1,60日新高,通信设备,2025-08-04
235,688418,震有科技,3.0475552082061768,30.77,35.83,398732720,5924906088.18,5924906088.18,6.723888874053955,0.0,是,1.5603548288345337,0/0,60日新高,通信设备,2025-08-04
279,688175,高凌信息,2.1176469326019287,21.7,25.5,54679091,1590978900.0,2806178900.0,3.474263906478882,0.0,是,1.2641408443450928,0/0,60日新高,通信设备,2025-08-04
153,000032,深桑达Ａ,4.965684413909912,26.0,27.25,2380219968,28639328432.0,29586940032.0,8.497053146362305,0.5025125741958618,是,2.013486385345459,2/1,60日新高,通信设备,2025-08-04
222,300213,佳讯飞鸿,3.2608695030212402,9.5,11.04,401516032,5186233996.0,5646464232.0,7.800987243652344,0.0,是,1.4652297496795654,0/0,60日新高,通信设备,2025-08-04
265,002396,星网锐捷,2.3809523582458496,27.52,29.57,406987056,16051873250.56,16198531348.48,2.570913791656494,0.0,是,1.0068238973617554,0/0,60日新高,通信设备,2025-08-04
15,832885,星辰科技,15.87637710571289,27.37,30.7,662485856,2409205466.71,4650940308.0,28.13936424255371,-0.10948905348777771,是,2.0885798931121826,0/0,60日新高,通用设备,2025-08-04
44,002248,华东数控,10.010881423950195,10.11,10.11,246106001,3108780516.0,3108780516.0,8.047330856323242,0.0,是,2.1855969429016113,1/1,60日新高,通用设备,2025-08-04
45,002046,国机精工,10.010374069213867,21.21,21.21,537840624,11183655483.210001,11374219506.720001,4.966838359832764,0.0,是,1.0767642259597778,1/1,60日新高,通用设备,2025-08-04
49,001306,夏厦精密,10.00599193572998,91.8,91.8,579337456,1422900000.0,5769685080.0,42.250431060791016,0.0,是,2.98840069770813,1/1,60日新高,通用设备,2025-08-04
181,603339,四方科技,4.068857192993164,13.3,14.06,169961621,4115567627.5,4115567534.4,4.173039436340332,0.0,是,1.8398538827896118,0/0,60日新高,通用设备,2025-08-04
168,688379,华光新材,4.448790073394775,42.73,49.09,211566078,3849354269.6,3849354269.6,5.526029109954834,0.0,是,1.3647829294204712,0/0,60日新高,通用设备,2025-08-04
196,301603,乔锋智能,3.7089121341705322,59.0,68.27,255257389,2226217500.0,7124840000.0,11.510644912719727,0.0,是,1.1519311666488647,0/0,60日新高,通用设备,2025-08-04
216,600860,京城股份,3.353658676147461,13.56,14.43,420458000,5997126797.280001,7426350743.04,7.099502086639404,0.07380073517560959,是,1.6657044887542725,0/0,60日新高,通用设备,2025-08-04
86,688251,井松智能,7.845036506652832,22.27,24.78,96470627,1335396943.8,2243531021.0,7.43504524230957,0.0,是,2.364288568496704,0/0,60日新高,通用设备,2025-08-04
339,301309,万得凯,0.767085075378418,28.9,34.42,31414585,722500000.0,2890000000.0,4.345580101013184,0.0,是,0.8008602857589722,0/0,60日新高,通用设备,2025-08-04
133,301268,铭利达,5.821741580963135,20.54,23.29,124243311,3705257924.16,8224151257.92,3.430817127227783,0.0,是,2.5790507793426514,0/0,60日新高,通用设备,2025-08-04
134,688557,兰剑智能,5.820415019989014,36.18,41.03,161273696,3697884716.4,3697884716.4,4.482163906097412,0.0,是,1.4472146034240723,0/0,60日新高,通用设备,2025-08-04
93,301125,腾亚精工,7.374935626983643,20.82,23.27,368187520,2443350254.4,2951399894.4,14.914198875427246,0.0,是,1.517985224723816,0/0,60日新高,通用设备,2025-08-04
91,300420,五洋自控,7.4175825119018555,3.91,4.37,447721888,4364720726.51,4365059750.88,10.546531677246094,0.0,是,2.4747679233551025,0/0,60日新高,通用设备,2025-08-04
211,688558,国盛智科,3.52588152885437,27.6,31.99,53911543,3643200000.0,3643200000.0,1.4994885921478271,0.0,是,1.7056868076324463,0/0,60日新高,通用设备,2025-08-04
252,002795,永和智控,2.5862069129943848,5.95,6.38,180350396,2586896654.65,2652236776.0,7.170466423034668,0.0,是,1.7018600702285767,0/0,60日新高,通用设备,2025-08-04
152,300161,华中数控,5.020007133483887,28.87,32.99,292301552,5629502849.610001,5736379676.22,5.238382339477539,0.0,是,1.9862291812896729,0/0,60日新高,通用设备,2025-08-04
54,002026,山东威达,10.0,13.53,13.53,821571552,5723105423.969999,5960397094.08,14.74034595489502,0.0,是,3.921600341796875,1/1,60日新高,通用设备,2025-08-04
232,300780,德恩精工,3.090909004211426,17.01,19.8,92049075,1783897367.4900002,2494856700.0,5.193209648132324,0.0,是,1.3724722862243652,0/0,60日新高,通用设备,2025-08-04
144,605060,联德股份,5.422222137451172,23.72,24.75,165877366,5706842240.0,5706842240.0,2.942246675491333,0.0,是,1.803853988647461,0/0,60日新高,通用设备,2025-08-04
371,603863,松炀资源,-1.8201874494552612,17.8,19.94,419232240,3642770000.0,3642770000.0,11.505252838134766,0.0,是,1.4880467653274536,2/1,60日新高,造纸印刷,2025-08-04
131,002012,凯恩股份,5.872483253479004,6.31,6.56,624568480,2943852514.71,2950716728.3199997,21.30889320373535,0.0,是,2.6757965087890625,2/1,60日新高,造纸印刷,2025-08-04
270,603733,仙鹤股份,2.278010129928589,22.0,23.66,89937937,15531474508.0,15531474464.0,0.5789690017700195,0.13654984533786774,是,1.7625551223754883,0/0,60日新高,造纸印刷,2025-08-04
336,603058,永吉股份,0.8238929510116577,9.79,10.68,70799244,4100478080.3799996,4110763826.3999996,1.7392175197601318,0.0,是,0.9538841843605042,0/0,60日新高,造纸印刷,2025-08-04
82,600117,西宁特钢,8.47826099395752,4.99,5.06,1883238160,16243023136.43,16243023171.36,11.90524959564209,-0.20000000298023224,是,1.018476963043213,11/7,60日新高且近期多次涨停,钢铁行业,2025-08-04
206,002075,沙钢股份,3.5993740558624268,6.62,7.03,1030580256,14523101110.4,14523124412.800001,7.156681060791016,0.0,是,2.459800958633423,0/0,60日新高,钢铁行业,2025-08-04
332,601288,农业银行,0.9478673338890076,6.39,6.96,3479649344,2039970506865.0298,2236391596154.88,0.17001068592071533,-0.15625,是,1.1729156970977783,0/0,60日新高,银行,2025-08-04
197,688281,华秦科技,3.704698085784912,77.26,89.4,359885104,13161756710.5,21058810118.72,2.7876923084259033,0.0,是,1.380462884902954,0/0,60日新高,非金属材,2025-08-04
58,603119,浙江荣泰,10.0,60.06,60.06,1250418000,12245001748.98,21846353168.64,10.521012306213379,0.0,是,1.4858494997024536,1/1,60日新高,非金属材,2025-08-04
356,605305,中际联合,-0.052631575614213943,37.98,41.8,603144864,8071509599.999999,8071509599.999999,7.379857063293457,0.18464785814285278,是,1.6361521482467651,0/0,60日新高,风电设备,2025-08-04
34,300858,科拓生物,11.078431129455566,22.66,24.48,869665632,4295281267.64,5970799373.88,21.288997650146484,0.0,是,3.340383291244507,2/1,60日新高,食品饮料,2025-08-04
273,002515,金字火腿,2.232142925262451,6.87,7.39,280004624,7975882400.91,8316919279.2,3.551541328430176,0.14577260613441467,是,1.0349116325378418,0/0,60日新高,食品饮料,2025-08-04
387,001318,阳光乳业,-9.634145736694336,14.82,18.04,623829616,4189021200.0,4189021200.0,14.579217910766602,-0.06743088364601135,否,1.173641324043274,5/3,近期多次涨停,食品饮料,2025-08-04
193,002330,得利斯,3.78947377204895,4.93,5.23,318360320,3131431064.95,3132104409.2799997,9.894403457641602,-0.2024291604757309,是,6.413000583648682,0/0,60日新高,食品饮料,2025-08-04
