日期,板块1,板块2,板块3,板块4,板块5
2024-12-30,数据中心6,商业零售6,算力工程5,,
2024-12-31,光伏7,天然气5,,,
2025-01-01,,,,,
2025-01-02,商业零售10,微信小店9,并购重组6,食品饮料6,
2025-01-03,AI眼镜9,医药7,数据中心5,,
2025-01-04,,,,,
2025-01-05,,,,,
2025-01-06,抗流感21,数据中心8,,,
2025-01-07,数据中心21,高速连接器8,芯片产业链7,核电7,氢能6
2025-01-08,机器人16,数据中心11,养老8,商业零售5,
2025-01-09,PCB16,机器人14,数据中心14,液冷IDC5,新能源汽车5
2025-01-10,机器人10,文创玩具6,,,
2025-01-11,,,,,
2025-01-12,,,,,
2025-01-13,机器人11,并购重组5,,,
2025-01-14,机器人29,小红书概念13,算力8,低空经济7,氢能6
2025-01-15,小红书概念24,机器人12,,,
2025-01-16,小红书概念14,机器人6,有色金属5,,
2025-01-17,芯片产业链13,机器人11,业绩超预期11,PCB6,化工5
2025-01-18,,,,,
2025-01-19,,,,,
2025-01-20,业绩超预期14,机器人11,小红书概念7,高速连接器5,数据中心5
2025-01-21,机器人25,字节跳动8,芯片产业链8,业绩超预期7,
2025-01-22,机器人15,光通信6,业绩超预期6,,
2025-01-23,机器人10,光通信5,算力工程5,,
2025-01-24,AI智能体29,机器人18,人工智能10,数据中心10,光通信9
2025-01-25,,,,,
2025-01-26,,,,,
2025-01-27,AI智能体7,机器人6,人工智能5,,
2025-01-28,,,,,
2025-01-29,,,,,
2025-01-30,,,,,
2025-01-31,,,,,
2025-02-01,,,,,
2025-02-02,,,,,
2025-02-03,,,,,
2025-02-04,,,,,
2025-02-05,算力工程21,deepseek15,华为产业链13,机器人13,人工智能10
2025-02-06,机器人50,deepseek14,智能驾驶14,AI眼镜12,比亚迪概念11
2025-02-07,deepseek13,光伏13,算力工程12,机器人9,比亚迪智驾6
2025-02-08,,,,,
2025-02-09,,,,,
2025-02-10,算力工程27,deepseek20,华为产业链18,机器人14,AI医疗12
2025-02-11,deepseek15,机器人10,算力工程9,消费电子7,文化传媒5
2025-02-12,机器人14,deepseek12,芯片产业链10,阿里巴巴8,数据中心6
2025-02-13,deepseek16,影视9,阿里巴巴8,算力工程6,
2025-02-14,AI医疗,数据要素9,deepseek9,算力工程6,华为产业链5
2025-02-15,,,,,
2025-02-16,,,,,
2025-02-17,机器人15,腾讯概念10,AI医疗10,数据中心8,deepseek6
2025-02-18,储能7,机器人7,腾讯概念5,,
2025-02-19,机器人39,新能源汽车12,算力工程9,芯片产业链7,
2025-02-20,机器人21,AI眼镜16,算力工程9,军工8,化工7
2025-02-21,机器人20,算力工程14,液冷IDC11,阿里云11,数据中心8
2025-02-22,,,,,
2025-02-23,,,,,
2025-02-24,机器人11,乡村振兴9,一带一路9,算力工程8,低空经济7
2025-02-25,机器人17,芯片产业链11,折叠屏7,新能源汽车6,算力工程6
2025-02-26,机器人31,钢铁7,算力工程7,芯片产业链7,
2025-02-27,机器人15,食品饮料12,固态电池11,算力工程10,数据中心8
2025-02-28,固态电池7,机器人6,并购重组5,数据中心5,
2025-03-01,,,,,
2025-03-02,,,,,
2025-03-03,固态电池21,锂电池13,deepseek10,机器人9,新能源汽车8
2025-03-04,机器人35,芯片产业链24,军工16,算力工程6,
2025-03-05,机器人31,算力工程14,商业航天7,工程机械6,新能源汽车6
2025-03-06,机器人18,AI智能体15,算力工程15,AI应用12,数据中心10
2025-03-07,机器人17,有色金属9,AI智能体8,新能源汽车7,低空经济6
2025-03-08,,,,,
2025-03-09,,,,,
2025-03-10,机器人21,光伏9,AI医疗7,芯片产业链6,有色金属5
2025-03-11,机器人14,算力工程10,军工6,,
2025-03-12,算力工程17,机器人16,数据中心10,智能驾驶6,军工6
2025-03-13,海工装备9,发电机概念6,,,
2025-03-14,食品饮料30,婴童17,机器人14,深海科技8,大金融6
2025-03-15,,,,,
2025-03-16,,,,,
2025-03-17,机器人17,深海科技7,食品饮料7,节能环保6,婴童6
2025-03-18,机器人26,充电桩8,算力工程6,深海科技5,
2025-03-19,机器人19,,,,
2025-03-20,机器人20,深海科技13,新能源汽车6,,
2025-03-21,深海科技23,机器人10,算力工程5,,
2025-03-22,,,,,
2025-03-23,,,,,
2025-03-24,海洋科技12,机器人9,旅游酒店5,化工5,
2025-03-25,核电18,化工12,机器人6,深海科技5,
2025-03-26,机器人21,深海科技11,化工11,光伏7,农林牧渔5
2025-03-27,化工20,芯片产业链18,创新药5,,
2025-03-28,文化传媒5,机器人5,化工5,,
2025-03-29,,,,,
2025-03-30,,,,,
2025-03-31,算力工程5,机器人5,,,
2025-04-01,,,,,
2025-04-02,,,,,
2025-04-03,,,,,
2025-04-04,,,,,
2025-04-05,,,,,
2025-04-06,,,,,
2025-04-07,,,,,
2025-04-08,,,,,
2025-04-09,,,,,
2025-04-10,,,,,
2025-04-11,,,,,
2025-04-12,,,,,
2025-04-13,,,,,
2025-04-14,,,,,
2025-04-15,,,,,
2025-04-16,,,,,
2025-04-17,,,,,
2025-04-18,,,,,
2025-04-19,,,,,
2025-04-20,,,,,
2025-04-21,,,,,
2025-04-22,,,,,
2025-04-23,,,,,
2025-04-24,,,,,
2025-04-25,,,,,
2025-04-26,,,,,
2025-04-27,,,,,
2025-04-28,,,,,
2025-04-29,,,,,
2025-04-30,,,,,
2025-05-01,,,,,
2025-05-02,,,,,
2025-05-03,,,,,
2025-05-04,,,,,
2025-05-05,,,,,
2025-05-06,,,,,
2025-05-07,,,,,
2025-05-08,,,,,
2025-05-09,,,,,
2025-05-10,,,,,
2025-05-11,,,,,
2025-05-12,,,,,
2025-05-13,,,,,
2025-05-14,,,,,
2025-05-15,,,,,
2025-05-16,,,,,
2025-05-17,,,,,
2025-05-18,,,,,
2025-05-19,,,,,
2025-05-20,,,,,
2025-05-21,,,,,
2025-05-22,,,,,
2025-05-23,,,,,
2025-05-24,,,,,
2025-05-25,,,,,
2025-05-26,,,,,
2025-05-27,,,,,
2025-05-28,,,,,
2025-05-29,,,,,
2025-05-30,,,,,
2025-05-31,,,,,
2025-06-01,,,,,
2025-06-02,,,,,
2025-06-03,,,,,
2025-06-04,,,,,
2025-06-05,,,,,
2025-06-06,,,,,
2025-06-07,,,,,
2025-06-08,,,,,
2025-06-09,,,,,
2025-06-10,,,,,
2025-06-11,,,,,
2025-06-12,,,,,
2025-06-13,,,,,
2025-06-14,,,,,
2025-06-15,,,,,
2025-06-16,,,,,
2025-06-17,,,,,
2025-06-18,,,,,
2025-06-19,,,,,
2025-06-20,,,,,
2025-06-21,,,,,
2025-06-22,,,,,
2025-06-23,,,,,
2025-06-24,,,,,
2025-06-25,,,,,
2025-06-26,,,,,
2025-06-27,,,,,
2025-06-28,,,,,
2025-06-29,,,,,
2025-06-30,,,,,
2025-07-01,,,,,
2025-07-02,,,,,
2025-07-03,,,,,
2025-07-04,,,,,
2025-07-05,,,,,
2025-07-06,,,,,
2025-07-07,,,,,
2025-07-08,,,,,
2025-07-09,,,,,
2025-07-10,,,,,
2025-07-11,,,,,
2025-07-12,,,,,
2025-07-13,,,,,
2025-07-14,,,,,
2025-07-15,,,,,
2025-07-16,,,,,
2025-07-17,,,,,
2025-07-18,,,,,
2025-07-19,,,,,
2025-07-20,,,,,
2025-07-21,,,,,
2025-07-22,,,,,
2025-07-23,,,,,
2025-07-24,,,,,
2025-07-25,,,,,
2025-07-26,,,,,
2025-07-27,,,,,
2025-07-28,,,,,
2025-07-29,,,,,
2025-07-30,,,,,
2025-07-31,,,,,
2025-08-01,,,,,
2025-08-02,,,,,
2025-08-03,,,,,
2025-08-04,,,,,
2025-08-05,,,,,
2025-08-06,,,,,
2025-08-07,,,,,
2025-08-08,,,,,
2025-08-09,,,,,
2025-08-10,,,,,
2025-08-11,,,,,
2025-08-12,,,,,
2025-08-13,,,,,
2025-08-14,,,,,
2025-08-15,,,,,
2025-08-16,,,,,
2025-08-17,,,,,
2025-08-18,,,,,
2025-08-19,,,,,
2025-08-20,,,,,
2025-08-21,,,,,
2025-08-22,,,,,
2025-08-23,,,,,
2025-08-24,,,,,
2025-08-25,,,,,
2025-08-26,,,,,
2025-08-27,,,,,
2025-08-28,,,,,
2025-08-29,,,,,
2025-08-30,,,,,
2025-08-31,,,,,
2025-09-01,,,,,
2025-09-02,,,,,
2025-09-03,,,,,
2025-09-04,,,,,
2025-09-05,,,,,
2025-09-06,,,,,
2025-09-07,,,,,
2025-09-08,,,,,
2025-09-09,,,,,
2025-09-10,,,,,
2025-09-11,,,,,
2025-09-12,,,,,
2025-09-13,,,,,
2025-09-14,,,,,
2025-09-15,,,,,
2025-09-16,,,,,
2025-09-17,,,,,
2025-09-18,,,,,
2025-09-19,,,,,
2025-09-20,,,,,
2025-09-21,,,,,
2025-09-22,,,,,
2025-09-23,,,,,
2025-09-24,,,,,
2025-09-25,,,,,
2025-09-26,,,,,
2025-09-27,,,,,
2025-09-28,,,,,
2025-09-29,,,,,
2025-09-30,,,,,
2025-10-01,,,,,
2025-10-02,,,,,
2025-10-03,,,,,
2025-10-04,,,,,
2025-10-05,,,,,
2025-10-06,,,,,
2025-10-07,,,,,
2025-10-08,,,,,
2025-10-09,,,,,
2025-10-10,,,,,
2025-10-11,,,,,
2025-10-12,,,,,
2025-10-13,,,,,
2025-10-14,,,,,
2025-10-15,,,,,
2025-10-16,,,,,
2025-10-17,,,,,
2025-10-18,,,,,
2025-10-19,,,,,
2025-10-20,,,,,
2025-10-21,,,,,
2025-10-22,,,,,
2025-10-23,,,,,
2025-10-24,,,,,
2025-10-25,,,,,
2025-10-26,,,,,
2025-10-27,,,,,
2025-10-28,,,,,
2025-10-29,,,,,
2025-10-30,,,,,
2025-10-31,,,,,
2025-11-01,,,,,
2025-11-02,,,,,
2025-11-03,,,,,
2025-11-04,,,,,
2025-11-05,,,,,
2025-11-06,,,,,
2025-11-07,,,,,
2025-11-08,,,,,
2025-11-09,,,,,
2025-11-10,,,,,
2025-11-11,,,,,
2025-11-12,,,,,
2025-11-13,,,,,
2025-11-14,,,,,
2025-11-15,,,,,
2025-11-16,,,,,
2025-11-17,,,,,
2025-11-18,,,,,
2025-11-19,,,,,
2025-11-20,,,,,
2025-11-21,,,,,
2025-11-22,,,,,
2025-11-23,,,,,
2025-11-24,,,,,
2025-11-25,,,,,
2025-11-26,,,,,
2025-11-27,,,,,
2025-11-28,,,,,
2025-11-29,,,,,
2025-11-30,,,,,
2025-12-01,,,,,
2025-12-02,,,,,
2025-12-03,,,,,
2025-12-04,,,,,
2025-12-05,,,,,
2025-12-06,,,,,
2025-12-07,,,,,
2025-12-08,,,,,
2025-12-09,,,,,
2025-12-10,,,,,
2025-12-11,,,,,
2025-12-12,,,,,
2025-12-13,,,,,
2025-12-14,,,,,
2025-12-15,,,,,
2025-12-16,,,,,
2025-12-17,,,,,
2025-12-18,,,,,
2025-12-19,,,,,
2025-12-20,,,,,
2025-12-21,,,,,
2025-12-22,,,,,
2025-12-23,,,,,
2025-12-24,,,,,
2025-12-25,,,,,
2025-12-26,,,,,
2025-12-27,,,,,
2025-12-28,,,,,
2025-12-29,,,,,
2025-12-30,,,,,
2025-12-31,,,,,
